city,country,max_temp,humidity,cloudiness,wind_speed,lat,lon,date
Torbay,CA,32.0,74,90,9.17,47.67,-52.73,1607879851
Licheng,CN,73.0,88,90,8.95,23.3,113.83,1607879717
Urzhum,RU,8.67,94,68,6.29,57.11,50.0,1607879874
Etchoropo,MX,66.99,64,0,3.0,26.77,-109.67,1607879874
Ushuaia,AR,46.4,70,75,13.87,-54.8,-68.3,1607879874
São João da Barra,BR,86.0,66,0,16.11,-21.64,-41.05,1607879846
Qui Nhon,VN,75.13,91,41,5.41,13.77,109.23,1607879874
Atuona,PF,78.64,72,1,14.99,-9.8,-139.03,1607879707
Nanortalik,GL,30.11,97,100,19.69,60.14,-45.24,1607879622
Kamina,CD,67.21,97,89,4.88,-8.74,24.99,1607879735
Dawei,MM,74.91,86,57,2.71,14.08,98.2,1607879731
Chui,UY,72.9,88,100,7.56,-33.7,-53.46,1607879636
Kaa-Khem,RU,-0.45,89,100,0.63,51.68,94.73,1607879875
Kisaran,ID,74.01,90,100,3.13,2.98,99.62,1607879875
Sucre,BO,71.6,26,20,8.05,-19.03,-65.26,1607879875
Qaanaaq,GL,21.7,85,100,9.78,77.48,-69.36,1607879613
Saldanha,ZA,71.6,46,0,12.75,-33.01,17.94,1607879660
Saskylakh,RU,-22.83,84,100,18.01,71.92,114.08,1607879620
Celestún,MX,79.63,69,2,5.19,20.87,-90.4,1607879732
Douglas,US,28.4,74,90,9.17,41.3,-96.17,1607879817
Tagusao,PH,80.11,81,64,5.28,9.19,117.81,1607879876
Busselton,AU,52.0,95,1,11.43,-33.65,115.33,1607879623
Igunga,TZ,70.52,76,92,6.73,-4.28,33.88,1607879725
Tasiilaq,GL,35.6,74,100,38.03,65.61,-37.64,1607879640
Sernur,RU,9.37,95,29,7.74,56.93,49.15,1607879877
Bluff,NZ,51.01,79,86,8.99,-46.6,168.33,1607879394
Kavaratti,IN,82.63,65,43,2.3,10.57,72.64,1607879632
Mataura,NZ,51.01,79,78,8.01,-46.19,168.86,1607879700
Port Alfred,ZA,70.0,91,40,5.99,-33.59,26.89,1607879618
Port Elizabeth,ZA,69.8,83,0,18.34,-33.92,25.57,1607879571
Punta Arenas,CL,50.0,61,75,26.4,-53.15,-70.92,1607879699
Lebu,CL,58.82,61,3,17.29,-37.62,-73.65,1607879635
Arraial do Cabo,BR,82.4,74,75,9.17,-22.97,-42.03,1607879627
Rikitea,PF,76.05,75,34,11.56,-23.12,-134.97,1607879706
Arman',RU,-9.85,85,57,17.72,59.7,150.17,1607879878
Gwadar,PK,71.74,39,0,7.58,25.12,62.33,1607879878
Khovd,MN,-1.08,74,83,1.25,48.01,91.64,1607879878
Ponta do Sol,PT,66.0,82,75,4.7,32.67,-17.1,1607879638
Provost,CA,-5.8,76,0,4.7,52.35,-110.27,1607879878
Hilo,US,69.8,83,20,5.48,19.73,-155.09,1607879613
Port Lincoln,AU,71.49,65,11,14.36,-34.73,135.87,1607879718
Poum,NC,80.78,80,100,22.15,-20.23,164.02,1607879688
San Quintín,MX,63.95,30,0,5.39,30.48,-115.95,1607879670
Vaini,TO,78.8,88,75,8.05,-21.2,-175.2,1607879626
Camopi,GF,90.99,47,58,4.79,3.17,-52.32,1607879690
Kruisfontein,ZA,73.0,79,0,4.0,-34.0,24.73,1607879638
Port Macquarie,AU,68.0,88,75,8.05,-31.43,152.92,1607879616
San Patricio,US,77.0,83,90,19.46,28.02,-97.52,1607879641
Prince Rupert,CA,44.6,35,90,6.93,54.32,-130.32,1607879743
Saint Paul Harbor,US,41.0,86,90,25.28,57.79,-152.41,1607879334
George Town,MY,80.6,88,20,3.27,5.41,100.34,1607879711
Pochutla,MX,84.2,51,5,4.16,15.74,-96.47,1607879879
Puerto Ayora,EC,73.99,90,94,5.99,-0.74,-90.35,1607879636
Tanabe,JP,49.01,65,83,3.56,33.73,135.37,1607879880
Kapit,MY,74.64,92,100,1.16,2.02,112.93,1607879726
Havelock,US,66.99,93,90,4.7,34.88,-76.9,1607879702
Kapaa,US,68.0,88,1,9.17,22.08,-159.32,1607879616
Albany,US,51.01,68,62,10.13,42.6,-73.97,1607879615
Hermanus,ZA,66.99,71,43,5.99,-34.42,19.23,1607879641
Waldoboro,US,42.01,100,90,4.7,44.1,-69.38,1607879880
Kiryat Gat,IL,69.01,48,97,3.0,31.61,34.76,1607879652
Pisco,PE,71.6,78,40,9.17,-13.7,-76.22,1607879673
Kamenka,RU,15.01,85,32,13.56,51.32,42.77,1607879881
Aykhal,RU,-16.6,75,90,6.71,66.0,111.5,1607879629
Arlit,NE,80.76,14,0,6.69,18.74,7.39,1607879881
Puerto Escondido,MX,80.6,74,5,3.36,15.85,-97.07,1607879881
Aksarayskiy,RU,19.4,85,0,13.42,46.79,48.01,1607879881
Ilhabela,BR,78.46,80,97,4.63,-23.78,-45.36,1607879881
Ilulissat,GL,26.6,79,100,6.93,69.22,-51.1,1607879622
Jining,CN,24.53,67,93,5.84,35.41,116.58,1607879643
Itaituba,BR,86.0,74,40,2.55,-4.28,-55.98,1607879730
Severomuysk,RU,-34.92,82,0,2.91,56.15,113.43,1607879882
Severo-Kuril'sk,RU,32.25,97,100,60.62,50.68,156.12,1607879636
Bereda,ES,59.0,83,99,17.0,43.27,-7.54,1607879882
Monrovia,LR,86.0,74,40,8.05,6.3,-10.8,1607879882
Butaritari,KI,80.83,76,77,12.84,3.07,172.79,1607879616
Cabo San Lucas,MX,71.01,45,5,10.29,22.89,-109.91,1607879424
Ostrovnoy,RU,22.8,97,100,11.16,68.05,39.51,1607879647
Avarua,CK,73.4,100,0,3.36,-21.21,-159.78,1607879659
Bredasdorp,ZA,69.8,60,15,11.41,-34.53,20.04,1607879629
Mahébourg,MU,75.2,88,75,14.99,-20.41,57.7,1607879637
Azare,NG,81.21,16,0,5.44,11.68,10.19,1607879883
Rio Grande,BR,82.4,65,40,11.41,-32.03,-52.1,1607879678
Tiksi,RU,-29.58,82,23,3.87,71.69,128.87,1607879654
Goundi,TD,85.86,16,79,2.57,9.36,17.37,1607879883
Acaraú,BR,90.0,48,60,19.44,-2.89,-40.12,1607879724
Pangoa,PE,82.44,63,91,4.81,-12.12,-73.0,1607879884
Tshikapa,CD,72.82,91,72,2.53,-6.42,20.8,1607879884
Fandriana,MG,61.48,92,93,3.8,-20.23,47.38,1607879884
Coquimbo,CL,60.8,82,40,16.11,-29.95,-71.34,1607879623
Governador Valadares,BR,84.34,57,93,4.81,-18.85,-41.95,1607879885
Puerto Madryn,AR,71.92,22,5,23.49,-42.77,-65.04,1607879885
Killarney,IE,50.02,88,91,8.93,52.05,-9.52,1607879681
Calderitas,MX,82.4,78,40,11.41,18.55,-88.25,1607879885
Trairi,BR,88.5,51,30,16.22,-3.28,-39.27,1607879521
Pangnirtung,CA,-20.09,75,9,3.71,66.15,-65.71,1607879625
Provideniya,RU,16.65,95,100,23.38,64.38,-173.3,1607879625
Beloha,MG,75.45,67,0,17.4,-25.17,45.05,1607879632
Hofn,IS,44.6,81,90,25.28,64.25,-15.21,1607879633
Mbala,ZM,61.83,96,92,2.35,-8.84,31.37,1607879886
Half Moon Bay,US,55.4,100,90,16.46,37.46,-122.43,1607879674
Ustyuzhna,RU,20.93,97,100,6.58,58.84,36.43,1607879886
Tegul'det,RU,5.99,94,100,8.55,57.31,88.17,1607879886
Arucas,ES,68.0,64,75,10.29,28.12,-15.52,1607879814
Linköping,SE,35.6,100,75,4.7,58.41,15.62,1607879886
Carnarvon,AU,69.8,83,7,20.8,-24.87,113.63,1607879618
Longyearbyen,SJ,19.4,73,75,4.7,78.22,15.64,1607879665
Castro,BR,75.22,80,66,7.78,-24.79,-50.01,1607879327
Zaysan,KZ,-4.27,78,30,1.48,47.47,84.87,1607879887
Anadyr,RU,23.0,73,75,17.9,64.75,177.48,1607879678
Janaúba,BR,84.22,38,0,7.54,-15.8,-43.31,1607879887
Linjiang,CN,5.5,77,97,4.16,41.81,126.91,1607879887
Barrow,US,-4.0,70,1,23.04,71.29,-156.79,1607879630
Hasaki,JP,39.2,100,75,3.36,35.73,140.83,1607879350
Santa Maria,BR,80.6,78,75,6.93,-29.68,-53.81,1607879888
Ribera,IT,48.99,1,28,13.0,37.5,13.26,1607879888
Mar del Plata,AR,62.6,67,40,16.11,-38.0,-57.56,1607879382
Cape Town,ZA,73.0,52,0,9.17,-33.93,18.42,1607879617
Carutapera,BR,86.58,64,36,8.77,-1.2,-46.02,1607879888
Bandarbeyla,SO,75.42,65,70,22.64,9.49,50.81,1607879624
San Clemente,US,60.01,43,27,3.44,33.43,-117.61,1607879709
Saint-Philippe,RE,75.2,94,75,18.34,-21.36,55.77,1607879698
Bethel,US,57.99,76,1,10.29,41.37,-73.41,1607879629
Ayan,RU,-9.6,93,100,27.51,56.45,138.17,1607879889
Inhambane,MZ,82.4,78,40,11.41,-23.86,35.38,1607879746
Thompson,CA,-9.4,76,40,9.17,55.74,-97.86,1607879639
Tsogni,GA,77.56,86,57,8.93,-2.79,10.1,1607879889
Hobart,AU,60.8,59,29,13.87,-42.88,147.33,1607879615
Vanimo,PG,80.08,83,100,8.41,-2.67,141.3,1607879674
Sungai Raya,ID,77.77,83,100,1.59,0.7,108.9,1607879890
Pizarro,CO,82.4,77,98,2.98,4.95,-77.37,1607879890
Waingapu,ID,79.61,80,100,5.1,-9.66,120.26,1607879890
Tarauacá,BR,93.94,40,5,4.74,-8.16,-70.77,1607879890
San Jose,US,55.4,87,90,11.41,37.34,-121.89,1607879866
Bubaque,GW,82.71,57,5,11.05,11.28,-15.83,1607879672
Clyde River,CA,-2.2,84,90,8.05,70.47,-68.59,1607879674
Chilliwack,CA,41.0,60,100,5.82,49.17,-121.94,1607879705
Avenal,US,52.0,87,95,3.0,36.0,-120.13,1607879833
Te Anau,NZ,40.15,90,20,0.98,-45.42,167.72,1607879891
New Norfolk,AU,60.8,59,8,13.87,-42.78,147.06,1607879628
Shelburne,CA,30.0,100,88,14.99,44.08,-80.2,1607879797
Turinsk,RU,14.86,90,32,10.16,58.05,63.7,1607879891
Jimma,ET,62.96,51,58,0.22,7.67,36.83,1607879891
Novy Urengoy,RU,9.0,94,100,12.1,66.08,76.63,1607879892
Jimo,CN,27.0,58,0,11.18,36.39,120.46,1607879892
Kununurra,AU,82.4,88,40,2.24,-15.77,128.73,1607879656
Viana,BR,86.0,62,0,16.11,-20.39,-40.5,1607879892
São Filipe,CV,76.46,67,100,6.29,14.9,-24.5,1607879624
Arrondissement de Tulle,FR,46.0,39,97,3.42,45.33,1.83,1607879892
Churapcha,RU,-49.76,76,80,2.73,62.0,132.43,1607879892
Szczytno,PL,32.0,98,90,4.7,53.56,20.99,1607879892
Katherine,AU,80.6,83,90,3.47,-14.47,132.27,1607879893
Derzhavīnsk,KZ,7.11,93,96,8.57,51.1,66.32,1607879893
Semnan,IR,36.55,75,2,0.45,35.57,53.4,1607879681
Nikolskoye,RU,25.0,85,90,2.24,59.7,30.79,1607879615
Soyo,AO,78.57,77,40,8.55,-6.13,12.37,1607879640
Vao,NC,77.11,81,98,25.52,-22.67,167.48,1607879613
Esim,GH,81.39,80,92,8.95,4.87,-2.24,1607879652
Norman Wells,CA,-38.2,72,20,2.24,65.28,-126.83,1607879652
Ancud,CL,57.99,58,90,10.29,-41.87,-73.82,1607879666
Flin Flon,CA,-9.4,76,5,16.11,54.77,-101.86,1607879686
Waipawa,NZ,55.4,71,100,12.75,-41.41,175.52,1607879894
Hithadhoo,MV,83.1,77,100,17.07,-0.6,73.08,1607879624
Ust'-Barguzin,RU,-6.92,92,100,7.49,53.45,108.98,1607879894
Brae,GB,46.4,81,90,25.28,60.4,-1.35,1607879637
Pawican,PH,79.09,86,70,9.8,12.07,123.97,1607879894
Pringsewu,ID,73.13,93,97,2.42,-5.36,104.97,1607879894
Moerai,PF,76.78,66,69,3.02,-22.43,-151.33,1607879681
Portland,US,39.99,86,90,11.41,45.52,-122.68,1607879490
Cururupu,BR,89.69,54,47,7.74,-1.83,-44.87,1607879685
Byron Bay,AU,71.6,88,90,21.92,-28.65,153.62,1607879746
Leningradskiy,RU,12.15,93,100,9.75,69.38,178.42,1607879660
Mezhova,UA,35.17,86,100,15.08,48.25,36.73,1607879895
Rawson,AR,71.65,23,9,21.99,-43.3,-65.1,1607879434
Chapais,CA,19.4,85,90,9.17,49.78,-74.85,1607879650
Geraldton,AU,64.4,68,90,6.93,-28.77,114.6,1607879632
Cayenne,GF,87.8,62,75,12.75,4.93,-52.33,1607879654
Beremend,HU,41.0,86,75,4.7,45.79,18.43,1607879896
Fonte Boa,BR,89.96,59,64,1.28,-2.5,-66.27,1607879896
Dire Dawa,ET,65.88,53,0,3.87,9.59,41.87,1607879661
Sitka,US,44.6,36,20,13.87,57.05,-135.33,1607879675
Lunca,RO,42.8,93,90,4.7,43.83,24.77,1607879896
Kaitangata,NZ,52.0,71,62,7.0,-46.28,169.85,1607879629
Arona,ES,71.01,68,75,5.82,28.1,-16.68,1607879896
Touros,BR,86.0,62,40,13.87,-5.2,-35.46,1607879646
Anzio,IT,51.01,66,5,5.82,41.49,12.62,1607879897
Palmas,BR,89.6,62,40,8.05,-10.21,-48.36,1607879897
Tual,ID,84.7,73,93,10.54,-5.67,132.75,1607879733
Uberaba,BR,83.08,61,58,5.32,-19.75,-47.93,1607879897
Husavik,IS,39.2,89,75,4.7,66.04,-17.34,1607879661
Maniitsoq,GL,17.87,93,100,13.11,65.42,-52.9,1607879678
Jamestown,US,35.01,86,90,11.41,42.1,-79.24,1607879898
Chokurdakh,RU,-22.52,88,100,6.24,70.63,147.92,1607879645
Rodrigues Alves,BR,87.8,70,20,8.05,-7.74,-72.65,1607879651
Djebeniana,TN,62.6,42,40,10.29,35.03,10.91,1607879898
Kumul,CN,12.18,69,0,2.35,42.8,93.45,1607879665
Giyani,ZA,80.94,50,0,3.53,-23.3,30.72,1607879898
Lagoa,PT,58.32,66,75,27.65,39.05,-27.98,1607879616
Ovada,IT,51.8,71,0,3.36,44.64,8.65,1607879898
Yellowknife,CA,-25.01,74,20,10.29,62.46,-114.35,1607879619
Haines Junction,CA,3.2,84,100,1.12,60.75,-137.51,1607879899
Nakusp,CA,28.4,68,100,4.7,50.25,-117.8,1607879899
Nara,JP,48.99,47,83,10.8,34.69,135.8,1607879899
Necochea,AR,70.0,57,63,12.03,-38.55,-58.74,1607879635
Klaksvík,FO,44.6,75,100,32.21,62.23,-6.59,1607879648
Nísia Floresta,BR,86.0,58,20,19.46,-6.09,-35.21,1607879737
Pitimbu,BR,84.2,66,75,19.46,-7.47,-34.81,1607879640
Kavieng,PG,83.23,76,87,12.39,-2.57,150.8,1607879634
Tsabong,BW,89.53,11,0,11.25,-26.02,22.4,1607879900
Tateyama,JP,55.99,27,50,11.99,34.98,139.87,1607879738
Belaya Gora,RU,-25.02,86,100,3.27,68.53,146.42,1607879900
Caravelas,BR,84.04,53,68,10.2,-17.71,-39.25,1607879727
Leer,SS,85.84,21,47,2.21,8.3,30.14,1607879684
Bambous Virieux,MU,75.99,88,75,14.99,-20.34,57.76,1607879627
Tuktoyaktuk,CA,-22.0,74,40,10.29,69.45,-133.04,1607879626
Pyinmana,MM,62.37,77,0,2.68,19.73,96.22,1607879612
Upernavik,GL,23.58,97,100,3.62,72.79,-56.15,1607879621
Whitley Bay,GB,45.0,93,75,11.41,55.04,-1.45,1607879901
Port Hedland,AU,75.2,83,14,5.82,-20.32,118.57,1607879651
Vila Franca do Campo,PT,60.8,67,20,19.46,37.72,-25.43,1607879649
Bila Krynytsya,UA,32.0,96,100,6.71,50.64,29.47,1607879901
Guerrero Negro,MX,67.08,34,0,13.11,27.98,-114.06,1607879901
Vostok,RU,-12.98,91,95,4.97,46.49,135.88,1607879746
Codrington,AU,66.78,41,16,10.92,-38.27,141.97,1607879624
Constitución,CL,69.71,33,0,19.93,-35.33,-72.42,1607879679
Cidreira,BR,79.83,64,3,10.25,-30.18,-50.21,1607879615
Ribeira Grande,PT,59.0,72,40,21.92,38.52,-28.7,1607879644
Russell,US,62.6,82,90,4.7,32.35,-85.2,1607879690
Margate,GB,48.99,90,98,10.0,51.38,1.39,1607879704
Shenjiamen,CN,48.99,85,100,28.12,29.96,122.3,1607879902
Grindavik,IS,44.6,71,75,23.04,63.84,-22.43,1607879688
George Town,MY,80.6,88,20,3.27,5.41,100.34,1607879903
Fethiye,TR,64.4,72,75,16.11,36.62,29.12,1607879903
Aksarka,RU,13.87,97,100,7.29,66.56,67.8,1607879903
Pinehurst,US,66.2,72,90,8.05,35.2,-79.47,1607879903
Coyhaique,CL,55.4,62,75,8.05,-45.58,-72.07,1607879718
Henderson,US,42.01,32,1,3.36,36.04,-114.98,1607879625
Lata,PT,61.0,93,100,1.99,40.16,-8.33,1607879668
Moose Factory,CA,14.0,78,90,9.17,51.26,-80.61,1607879620
Plymouth,US,62.01,76,1,12.75,41.83,-70.83,1607879886
Uyskoye,RU,13.14,90,8,2.71,54.38,60.0,1607879904
Kalmunai,LK,76.35,81,75,9.35,7.42,81.82,1607879653
Kearney,US,24.8,85,1,6.93,40.7,-99.08,1607879904
Hualmay,PE,73.0,67,97,11.16,-11.1,-77.61,1607879689
Sabaudia,IT,50.0,76,0,5.99,41.3,13.03,1607879904
Sinnamary,GF,84.51,67,27,8.75,5.38,-52.95,1607879637
Sergeevka,KZ,11.16,95,100,8.43,53.88,67.42,1607879905
Muros,ES,60.01,90,100,5.01,42.78,-9.06,1607879905
Mount Gambier,AU,71.6,43,90,8.05,-37.83,140.77,1607879905
Faanui,PF,78.87,77,5,12.77,-16.48,-151.75,1607879643
Bolobo,CD,77.0,81,50,3.13,-2.17,16.23,1607879905
Asău,RO,34.0,96,99,2.35,46.43,26.4,1607879683
Ust-Maya,RU,-48.53,76,97,1.14,60.42,134.53,1607879718
Kołobrzeg,PL,35.01,93,82,3.02,54.18,15.58,1607879905
Airai,TL,62.17,100,100,0.96,-8.93,125.41,1607879621
Talnakh,RU,-5.8,76,40,6.71,69.49,88.4,1607879651
Payson,US,21.99,78,1,4.7,40.04,-111.73,1607879507
Fort Nelson,CA,-16.6,75,75,2.24,58.81,-122.7,1607879448
Coahuayana Viejo,MX,73.4,73,75,2.86,18.73,-103.68,1607879906
Nome,US,19.4,52,20,13.87,64.5,-165.41,1607879906
Isla Vista,US,60.01,67,1,1.72,34.41,-119.86,1607879784
Charters Towers,AU,73.45,79,93,5.93,-20.1,146.27,1607879906
Grand Gaube,MU,75.99,83,4,4.0,-20.01,57.66,1607879635
Chandler,US,53.01,19,1,12.75,33.31,-111.84,1607879760
Chongoyape,PE,75.2,64,0,13.87,-6.64,-79.39,1607879907
Lüderitz,NA,71.6,64,0,21.92,-26.65,15.16,1607879642
Bengkulu,ID,75.54,85,94,3.89,-3.8,102.27,1607879664
College,US,1.4,70,75,9.17,64.86,-147.8,1607879615
San-Pédro,CI,81.81,77,90,7.52,4.75,-6.64,1607879907
Graaff-Reinet,ZA,79.0,39,0,6.04,-32.25,24.53,1607879907
Karabulak,RU,24.8,100,90,2.24,43.3,44.9,1607879908
Tomigusuku,JP,68.0,68,40,4.7,26.18,127.67,1607879908
Barcelos,PT,59.0,93,75,14.99,41.54,-8.62,1607879714
Sola,VU,81.37,83,95,12.84,-13.88,167.55,1607879680
Yangi Marg`ilon,UZ,30.2,80,90,4.7,40.43,71.72,1607879653
Ust-Kuyga,RU,-41.31,79,42,5.53,70.02,135.6,1607879691
Lima,PE,72.0,73,90,5.82,-12.04,-77.03,1607879908
Kahului,US,73.4,77,20,2.1,20.89,-156.47,1607879492
Wanning,CN,73.44,92,61,3.87,18.8,110.4,1607879734
Sorong,ID,81.39,77,27,4.21,-0.88,131.25,1607879822
São José da Coroa Grande,BR,82.9,66,40,13.2,-8.9,-35.15,1607879654
Ouadda,CF,81.57,23,63,3.42,8.08,22.4,1607879909
Narsaq,GL,26.6,86,75,2.53,60.92,-46.05,1607879643
Aberdeen,GB,44.6,93,75,20.8,57.14,-2.1,1607879796
General Cepeda,MX,64.4,48,40,4.85,25.38,-101.45,1607879909
Silver City,US,36.0,24,1,5.82,32.77,-108.28,1607879885
Valparaíso,CL,77.0,44,0,18.34,-33.04,-71.63,1607879727
Nagarote,NI,82.4,74,40,9.17,12.27,-86.56,1607879909
East London,ZA,69.8,88,75,11.41,-33.02,27.91,1607879626
Colac,AU,66.0,56,5,1.99,-38.33,143.58,1607879910
Tessalit,ML,77.56,19,0,9.71,20.2,1.01,1607879628
Westport,US,60.01,81,1,9.17,41.14,-73.36,1607879598
Itarema,BR,89.04,51,51,18.7,-2.92,-39.92,1607879638
Tuusula,FI,30.2,80,90,2.24,60.4,25.03,1607879910
Abbeville,FR,45.0,76,100,18.99,50.1,1.83,1607879910
Ismailia,EG,72.59,50,16,13.76,30.6,32.27,1607879910
Øksfjord,NO,30.2,92,75,8.05,70.24,22.35,1607879911
Guamúchil,MX,70.0,65,0,1.01,25.47,-108.1,1607879911
Galveston,US,69.01,88,90,8.05,29.37,-94.97,1607879911
Evensk,RU,6.75,90,100,13.47,61.95,159.23,1607879684
Maicao,CO,84.69,64,24,15.57,11.38,-72.24,1607879911
‘Āhuimanu,US,75.2,83,40,4.7,21.44,-157.84,1607879911
Mokhsogollokh,RU,-43.19,79,54,3.6,61.47,128.92,1607879911
Aquin,HT,81.14,69,9,3.53,18.28,-73.4,1607879912
Salalah,OM,77.0,27,0,11.41,17.02,54.09,1607879628
Olafsvik,IS,38.64,76,87,22.75,64.89,-23.71,1607879613
Sandakan,MY,78.8,94,20,3.0,5.84,118.12,1607879912
Praia,CV,82.4,39,0,17.22,14.92,-23.51,1607879912
São João do Paraíso,BR,80.42,41,0,7.45,-15.31,-42.01,1607879912
Kantang,TH,79.0,97,95,2.55,7.41,99.52,1607879912
Gubskaya,RU,45.86,66,46,2.86,44.32,40.64,1607879912
Kabinda,CD,66.43,95,93,3.44,-6.13,24.48,1607879912
Tura,IN,60.26,69,19,1.79,25.52,90.22,1607879667
São Miguel do Araguaia,BR,90.61,49,62,5.37,-13.28,-50.16,1607879881
Sun Valley,US,34.0,86,75,10.29,39.6,-119.78,1607879840
Zhigansk,RU,-42.77,79,64,13.11,66.77,123.37,1607879628
Namatanai,PG,80.69,79,100,4.12,-3.67,152.43,1607879634
Lakatoro,VU,80.58,81,98,9.04,-16.1,167.42,1607879913
Tuatapere,NZ,51.01,79,32,8.01,-46.13,167.68,1607879637
Pandan,PH,79.57,86,44,6.93,14.05,124.17,1607879913
Kasongo-Lunda,CD,72.68,90,94,1.63,-6.47,16.82,1607879913
Sedalia,US,35.01,80,90,4.7,38.7,-93.23,1607879914
Kanigiri,IN,69.4,78,6,2.93,15.4,79.52,1607879914
Ormara,PK,72.45,33,0,2.86,25.21,64.64,1607879723
Paamiut,GL,22.39,95,100,39.8,61.99,-49.67,1607879664
Lakes Entrance,AU,57.0,94,97,2.77,-37.88,147.98,1607879914
Rantauprapat,ID,74.43,91,97,2.1,2.1,99.83,1607879914
Lavrentiya,RU,14.76,89,100,28.45,65.58,-171.0,1607879623
Port Hawkesbury,CA,42.8,100,90,10.29,45.62,-61.35,1607879690
Noril'sk,RU,-5.8,76,40,6.71,69.35,88.2,1607879915
Gamba,GA,78.53,84,45,9.4,-2.65,10.0,1607879618
Gafanha da Encarnação,PT,61.0,87,75,10.29,40.62,-8.73,1607879915
Isangel,VU,79.09,83,67,20.67,-19.55,169.27,1607879648
Kohima,IN,47.84,98,13,1.32,25.67,94.12,1607879915
Teya,RU,4.91,91,100,8.23,60.38,92.63,1607879915
Sonoita,MX,48.0,27,0,18.61,31.85,-112.83,1607879916
Saint Anthony,US,26.6,73,90,9.17,45.02,-93.22,1607879648
Chiredzi,ZW,79.07,74,74,6.35,-21.05,31.67,1607879916
Burnie,AU,60.01,96,79,8.99,-41.07,145.92,1607879677
Cochabamba,BO,87.8,19,20,6.93,-17.39,-66.16,1607879916
Hurricane,US,35.01,57,1,6.93,37.18,-113.29,1607879916
Freetown,SL,87.8,66,20,17.22,8.48,-13.23,1607879916
Xapuri,BR,89.6,59,75,12.75,-10.65,-68.5,1607879916
Pilar,BR,82.4,74,75,13.87,-9.6,-35.96,1607879917
Nkoteng,CM,80.96,54,74,5.99,4.52,12.03,1607879917
Yar-Sale,RU,12.88,94,100,6.31,66.83,70.83,1607879646
Dubuque,US,26.01,85,90,5.82,42.48,-90.87,1607879634
Koutiala,ML,94.59,11,2,5.53,12.39,-5.46,1607879917
Pierre,US,30.99,74,90,11.41,44.37,-100.35,1607879648
San Cristobal,VE,86.0,51,20,4.7,7.77,-72.22,1607879625
Puerto Princesa City,PH,78.93,82,46,1.28,9.74,118.74,1607879917
Saint George,US,35.01,59,1,6.93,37.1,-113.58,1607879627
Burgeo,CA,32.14,97,100,23.78,47.62,-57.62,1607879917
Atasū,KZ,5.18,86,67,0.83,48.68,71.64,1607879918
Gaoual,GN,99.39,13,0,4.18,11.75,-13.2,1607879918
Kathu,TH,86.0,94,40,2.17,7.92,98.33,1607879918
Richards Bay,ZA,76.03,86,65,3.74,-28.78,32.04,1607879918
Salinópolis,BR,85.39,64,34,11.12,-0.61,-47.36,1607879719
Hong Kong,HK,70.0,86,86,9.15,22.29,114.16,1607879632
Tabas,IR,42.8,26,0,2.24,33.6,56.92,1607879918
Latung,PH,83.35,72,26,5.1,5.5,120.88,1607879918
Touho,NC,78.76,85,100,20.36,-20.78,165.23,1607879919
Breves,BR,93.54,44,24,5.5,-1.68,-50.48,1607879919
Esperance,AU,57.2,87,6,6.93,-33.87,121.9,1607879647
Zyryanka,RU,-25.85,85,100,5.82,65.75,150.85,1607879724
Dikson,RU,-9.72,90,100,13.62,73.51,80.55,1607879622
Solnechnogorsk,RU,23.0,79,75,11.18,56.18,36.98,1607879919
Cherskiy,RU,-20.31,88,100,7.07,68.75,161.3,1607879625
Llanes,ES,60.01,71,100,6.13,43.42,-4.75,1607879919
Iqaluit,CA,-2.0,70,75,3.36,63.75,-68.51,1607879504
Keti Bandar,PK,67.64,28,0,10.56,24.14,67.45,1607879920
Eirunepé,BR,91.31,50,51,3.91,-6.66,-69.87,1607879920
Nouadhibou,MR,71.6,60,2,14.99,20.93,-17.03,1607879671
Cortes,ES,55.4,87,60,9.17,41.94,-1.44,1607879920
Shumerlya,RU,10.62,95,15,5.79,55.5,46.41,1607879920
Aklavik,CA,-27.4,74,5,5.82,68.22,-135.01,1607879651
Lensk,RU,-23.31,81,71,7.18,60.73,114.93,1607879732
Berlevåg,NO,32.0,92,75,11.41,70.86,29.09,1607879723
Fayetteville,US,68.0,72,90,6.93,35.05,-78.88,1607879697
Oranjemund,NA,65.03,74,0,14.45,-28.55,16.43,1607879921
Tiznit Province,MA,65.77,55,98,3.62,29.58,-9.5,1607879662
Sainte-Marie,RE,75.2,73,40,19.46,-20.9,55.55,1607879921
Kamaishi,JP,33.12,93,65,0.89,39.27,141.88,1607879653
Saint-Augustin,CA,13.91,81,100,7.94,51.23,-58.65,1607879668
Pala,TD,86.72,14,50,4.47,9.36,14.9,1607879921
Pevek,RU,4.23,89,100,4.81,69.7,170.31,1607879640
Zhoucheng,CN,23.86,62,98,6.93,35.91,116.31,1607879921
Pointe Michel,DM,86.0,70,20,4.7,15.25,-61.38,1607879921
San Juan de los Morros,VE,84.31,56,88,4.05,9.91,-67.35,1607879922
Ipiaú,BR,91.06,34,23,6.04,-14.14,-39.73,1607879922
Bonavista,CA,30.99,86,100,2.24,48.65,-53.11,1607879922
Safaga,EG,75.2,69,0,6.93,26.73,33.94,1607879922
Flinders,AU,66.0,89,76,1.01,-34.58,150.86,1607879621
Tilichiki,RU,3.65,95,94,6.46,60.47,166.1,1607879722
Fairbanks,US,1.4,70,75,9.17,64.84,-147.72,1607879680
Indianola,US,26.01,79,90,9.17,41.36,-93.56,1607879922
Sur,OM,72.36,48,0,12.66,22.57,59.53,1607879721
Zhezkazgan,KZ,6.89,84,5,3.33,47.8,67.71,1607879923
Ntcheu,MW,70.54,76,91,2.37,-14.82,34.64,1607879923
Yulara,AU,80.6,51,68,4.7,-25.24,130.99,1607879624
Morondava,MG,81.75,78,97,11.41,-20.28,44.28,1607879641
Lompoc,US,54.0,100,1,4.7,34.64,-120.46,1607879580
Nuevo Progreso,MX,82.0,56,28,7.0,23.17,-97.95,1607879923
Lagos,NG,82.4,78,20,5.82,6.58,3.75,1607879923
Dargaville,NZ,57.47,79,88,4.12,-35.93,173.88,1607879923
Banda Aceh,ID,78.53,79,70,3.53,5.56,95.32,1607879691
Oga,IT,33.01,100,0,1.12,46.46,10.35,1607879924
Moa,CU,82.54,67,5,12.21,20.66,-74.94,1607879924
Vila Velha,BR,86.0,62,0,16.11,-20.33,-40.29,1607879548
Nkhata Bay,MW,79.83,63,42,3.44,-11.61,34.29,1607879924
Bathsheba,BB,86.0,70,20,14.99,13.22,-59.52,1607879736
Laas,IT,36.0,80,5,3.36,46.62,10.7,1607879619
Xaçmaz,AZ,43.12,66,36,4.94,41.46,48.81,1607879924
Hirara,JP,70.57,76,48,14.12,24.8,125.28,1607879925
Padang,ID,77.99,67,96,3.18,-0.95,100.35,1607879704
Lichuan,CN,31.44,98,100,5.44,30.3,108.85,1607879925
Nong Kung Si,TH,80.01,99,11,3.51,16.65,103.3,1607879925
Iquique,CL,71.6,60,0,17.22,-20.22,-70.14,1607879736
Hokitika,NZ,51.15,89,0,4.47,-42.72,170.97,1607879925
Oistins,BB,86.0,70,20,14.99,13.07,-59.53,1607879666
Whitehorse,CA,6.8,77,90,16.11,60.72,-135.05,1607879664
Beringovskiy,RU,27.12,98,100,24.74,63.05,179.32,1607879624
Kobryn,BY,31.98,98,100,6.44,52.21,24.36,1607879926
Malakal,SS,85.77,20,0,4.65,9.53,31.66,1607879743
Los Llanos de Aridane,ES,66.2,82,75,4.7,28.66,-17.92,1607879687
Hailar,CN,-15.77,82,1,3.71,49.2,119.7,1607879926
Loikaw,MM,58.15,63,0,3.18,19.67,97.21,1607879926
Yumen,CN,5.92,85,25,3.89,40.28,97.2,1607879740
Vidra,RO,44.01,95,100,5.1,44.26,26.17,1607879926
Merauke,ID,81.03,77,98,3.91,-8.47,140.33,1607879927
Vestmannaeyjar,IS,44.6,81,75,28.86,63.44,-20.27,1607879688
San Matías,BO,95.47,35,62,8.97,-16.37,-58.4,1607879927
Irecê,BR,91.26,22,0,5.37,-11.3,-41.86,1607879927
Armilla,ES,57.0,87,0,1.12,37.14,-3.62,1607879927
Manga,BF,92.93,12,0,4.9,11.66,-1.07,1607879927
Pucara,PE,68.0,34,0,11.41,-15.98,-71.46,1607879927
Camacupa,AO,67.15,93,100,4.41,-12.02,17.48,1607879928
Santiago del Estero,AR,78.87,47,35,24.02,-27.8,-64.26,1607879864
Verkhnyaya Inta,RU,19.17,97,100,16.91,65.98,60.31,1607879662
Nikšić,ME,57.2,77,0,11.41,42.77,18.94,1607879928
Naze,JP,66.2,63,90,6.93,28.37,129.48,1607879660
Finote Selam,ET,63.66,45,3,3.33,10.7,37.27,1607879928
Azuaga,ES,54.0,90,100,3.0,38.27,-5.68,1607879928
Antu,IN,66.47,46,0,6.33,26.05,81.92,1607879928
Mnogovershinnyy,RU,-4.38,92,100,7.49,53.94,139.92,1607879733
Manjeri,IN,80.6,74,40,1.88,11.12,76.12,1607879929
Saint-François,FR,44.01,81,0,4.7,46.42,3.91,1607879929
Vardø,NO,33.8,74,75,16.11,70.37,31.11,1607879711
Khatanga,RU,-10.68,90,100,6.38,71.97,102.5,1607879627
Makkah al Mukarramah,SA,76.86,54,0,4.0,21.43,39.83,1607879652
Luyang,CN,34.02,92,100,12.03,27.62,110.1,1607879929
Ahipara,NZ,57.54,79,79,7.02,-35.17,173.17,1607879641
Cockburn Town,TC,80.04,76,34,15.05,21.46,-71.14,1607879639
Winchester,GB,53.6,93,75,11.41,51.07,-1.32,1607879930
Port Blair,IN,77.86,76,52,4.56,11.67,92.75,1607879633
Boden,SE,30.2,92,90,3.36,65.83,21.69,1607879930
Vanavara,RU,-22.61,87,97,5.01,60.34,102.28,1607879643
Eyl,SO,76.1,63,15,23.24,7.98,49.82,1607879930
Sangmélima,CM,71.91,92,89,2.93,2.93,11.98,1607879930
Vágur,FO,46.04,80,100,36.33,61.47,-6.81,1607879931
Peqin,AL,48.2,66,0,5.82,41.05,19.75,1607879931
Bitung,ID,77.0,94,40,1.12,1.45,125.18,1607879647
Northam,GB,53.01,92,67,10.0,51.03,-4.22,1607879665
Tupik,RU,-24.88,80,0,3.87,54.43,119.93,1607879931
Uray,RU,19.17,95,99,9.53,60.12,64.78,1607879931
Sakhnovshchyna,UA,33.19,94,100,15.1,49.15,35.87,1607879931
Fuxin,CN,5.14,74,0,12.5,42.02,121.66,1607879931
High Level,CA,-34.6,65,40,3.13,58.52,-117.14,1607879932
Honningsvåg,NO,32.0,84,75,9.17,70.98,25.97,1607879636
Sechura,PE,78.39,55,62,12.48,-5.56,-80.82,1607879743
Mogadishu,SO,77.79,78,24,17.36,2.04,45.34,1607879779
Thunder Bay,CA,15.01,85,90,5.82,48.4,-89.32,1607879932
Alice Springs,AU,80.6,65,23,5.82,-23.7,133.88,1607879445
Samarai,PG,80.13,81,29,9.04,-10.62,150.67,1607879648
Sobolevo,RU,31.06,99,100,8.3,54.43,31.9,1607879932
Nishihara,JP,68.0,68,40,4.7,26.18,127.76,1607879668
Great Yarmouth,GB,46.99,93,75,14.99,52.61,1.73,1607879933
Chauk,MM,71.51,58,0,1.21,20.88,94.82,1607879933
Narrabri,AU,69.8,49,90,13.87,-30.32,149.78,1607879933
Kaili,ID,68.81,87,100,3.18,-3.46,120.21,1607879933
Ambilobe,MG,77.67,83,99,2.33,-13.2,49.05,1607879702
Homer,US,42.8,56,90,10.29,59.64,-151.55,1607879620
Itoman,JP,68.0,68,40,4.7,26.12,127.67,1607879610
Härnösand,SE,33.8,100,100,2.24,62.63,17.94,1607879933
Kungurtug,RU,-5.26,83,95,0.56,50.6,97.52,1607879934
Mumford,GH,81.5,80,87,11.1,5.26,-0.76,1607879655
Kédougou,SN,100.4,18,30,6.93,12.56,-12.17,1607879934
Bonito Oriental,HN,84.2,70,20,3.36,15.75,-85.74,1607879934
Stromness,GB,46.4,81,75,28.86,58.97,-3.3,1607879934
Kristiansund,NO,33.8,74,0,13.87,63.11,7.73,1607879934
Nortelândia,BR,89.47,52,24,6.44,-14.45,-56.8,1607879934
Boende,CD,75.88,79,56,1.21,-0.22,20.87,1607879934
Horadiz,AZ,44.6,81,90,1.5,39.45,47.34,1607879935
Ola,RU,-9.44,86,40,15.37,59.58,151.28,1607879935
Terråk,NO,41.0,65,75,12.75,65.09,12.37,1607879935
Khandagayty,RU,-8.88,85,97,1.79,50.73,92.05,1607879935
Porto-Novo,BJ,84.2,66,20,4.7,6.5,2.6,1607879649
Marzuq,YE,56.44,37,0,3.06,14.4,46.47,1607879718
Nuuk,GL,17.6,92,100,13.87,64.18,-51.72,1607879466
Nelson Bay,AU,68.0,77,40,5.82,-32.72,152.15,1607879661
Ol'ga,RU,6.85,79,0,14.0,43.74,135.29,1607879936
Esso,RU,7.12,88,62,3.69,55.93,158.7,1607879744
Alta Floresta,BR,82.18,69,93,3.69,-9.88,-56.09,1607879936
Riverton,US,25.0,85,1,13.87,40.52,-111.94,1607879867
Krasnoarmiys'k,UA,34.47,89,100,13.62,48.28,37.18,1607879936
Rypefjord,NO,30.2,86,75,14.99,70.63,23.67,1607879936
Red Bluff,US,48.99,87,90,5.82,40.18,-122.24,1607879801
Ilebo,CD,73.35,93,96,1.48,-4.32,20.58,1607879936
Ambulu,ID,75.99,91,100,0.87,-8.35,113.61,1607879652
Egvekinot,RU,10.35,91,100,19.28,66.32,-179.17,1607879635
Qaqortoq,GL,26.6,86,75,5.86,60.72,-46.03,1607879655
Urengoy,RU,7.66,94,100,8.52,65.97,78.37,1607879937
Iwanai,JP,23.76,90,100,6.22,42.97,140.51,1607879729
Iturama,BR,91.74,39,83,8.79,-19.73,-50.2,1607879937
Shaoyang,CN,36.77,82,100,9.95,27.23,111.45,1607879937
Serramanna,IT,57.2,76,40,11.41,39.42,8.92,1607879937
Hambantota,LK,77.38,81,95,12.39,6.12,81.12,1607879671
Zheleznodorozhnyy,RU,23.0,79,75,11.18,55.75,38.0,1607879937
Derazhnya,UA,34.41,97,100,6.44,49.27,27.43,1607879938
Jumla,NP,34.7,64,0,5.28,29.27,82.18,1607879938
Goya,AR,88.48,54,100,11.7,-29.14,-59.26,1607879938
Sovetskiy,RU,17.51,97,100,8.05,61.36,63.58,1607879938
Havre-St-Pierre,CA,10.4,85,90,18.34,50.23,-63.6,1607879634
Praia da Vitória,PT,59.0,72,40,21.25,38.73,-27.07,1607879732
Saint-Pierre,RE,73.4,88,75,18.34,-21.34,55.48,1607879477
Kualakapuas,ID,75.2,100,90,4.7,-3.01,114.39,1607879938
Rochegda,RU,15.87,97,44,5.12,62.8,43.25,1607879939
Siilinjärvi,FI,26.6,86,90,5.82,63.08,27.67,1607879939
İdil,TR,46.78,77,100,5.35,37.34,41.89,1607879939
Namtsy,RU,-49.0,56,90,1.88,62.72,129.67,1607879939
Pangkalanbuun,ID,75.78,88,98,2.24,-2.68,111.62,1607879939
Teahupoo,PF,82.0,74,20,2.24,-17.83,-149.27,1607879939
Walvis Bay,NA,64.4,72,75,12.75,-22.96,14.51,1607879672
Kidal,ML,82.49,14,0,8.19,18.44,1.41,1607879745
Córdoba,AR,78.01,35,0,25.28,-31.41,-64.18,1607879907
Yur’yevets,RU,14.36,96,47,10.07,57.32,43.1,1607879940
Villanueva,HN,85.89,58,28,2.26,15.32,-88.0,1607879643
Mossamedes,AO,68.99,74,1,9.37,-15.2,12.15,1607879703
Istiaia,GR,52.0,96,100,5.01,38.96,23.15,1607879940
Apolda,DE,43.0,97,81,6.22,51.02,11.5,1607879940
Deputatsky,RU,-29.58,87,82,1.01,69.3,139.9,1607879714
Owando,CG,79.2,77,57,3.04,-0.48,15.9,1607879941
Rusera,IN,67.98,50,0,7.27,25.75,86.03,1607879941
Dickinson,US,69.01,88,90,8.05,29.46,-95.05,1607879941
Pacific Grove,US,55.0,93,90,9.17,36.62,-121.92,1607879941
Lyuban',BY,31.75,99,100,5.86,52.8,28.0,1607879941
Pelym,RU,18.64,91,98,7.2,61.01,62.0,1607879941
Escanaba,US,24.8,73,90,3.36,45.75,-87.06,1607879941
Manaus,BR,89.6,66,40,3.36,-3.1,-60.02,1607879941
Burmakino,RU,21.2,73,90,8.95,57.42,40.24,1607879942
Laguna,US,50.0,87,90,11.41,38.42,-121.42,1607879639
